{
  "OLMoE": {
    "moe_name": "OLMoE",
    "dense_name": "Dense-OLMoE",
    "moe_p50_ms": 22.375150001607835,
    "dense_p50_ms": 19.01630000793375,
    "moe_throughput_tps": 5720.632040044521,
    "dense_throughput_tps": 6731.06755502371,
    "speedup_moe_vs_dense": 0.8498848055350366,
    "routing_overhead_ms": 3.3588499936740845,
    "moe_params": 41168384,
    "dense_params": 36440576
  },
  "Mixtral": {
    "moe_name": "Mixtral",
    "dense_name": "Dense-Mixtral",
    "moe_p50_ms": 25.561650007148273,
    "dense_p50_ms": 21.671850001439452,
    "moe_throughput_tps": 5007.501470531245,
    "dense_throughput_tps": 5906.279343549268,
    "speedup_moe_vs_dense": 0.8478267246198486,
    "routing_overhead_ms": 3.889800005708821,
    "moe_params": 60041728,
    "dense_params": 41159168
  }
}